Customer_ID,Age,Monthly_Income,Loan_Amount,Loan_Type,Credit_Score,Loan_Status
C1001,21,62824,170659,Personal,643,Default
C1002,57,126944,856617,Business,412,Paid
C1003,37,36875,1370393,Vehicle,856,Paid
C1004,44,46528,2842731,Vehicle,582,Default
C1005,53,128824,433280,Vehicle,366,Default
C1006,34,131028,1137195,Personal,416,Default
C1007,54,105121,1884437,Vehicle,688,Paid
C1008,45,140980,757531,Home,849,Paid
C1009,24,84905,221698,Business,890,Paid
C1010,22,100933,2782081,Home,591,Default
C1011,43,100638,161447,Vehicle,424,Default
C1012,21,53007,1875141,Personal,493,Default
C1013,46,23296,473944,Vehicle,726,Paid
C1014,29,88335,915682,Vehicle,688,Paid
C1015,49,74628,1570243,Home,568,Default
C1016,23,63972,2230165,Business,685,Paid
C1017,60,125064,1654768,Personal,612,Paid
C1018,45,39619,1449313,Home,608,Paid
C1019,41,39267,1088514,Vehicle,697,Default
C1020,46,92910,732464,Vehicle,616,Paid
C1021,33,82064,732030,Home,426,Paid
C1022,34,141686,1769597,Vehicle,897,Paid
C1023,33,111398,2505994,Home,446,Paid
C1024,43,119716,653479,Business,697,Paid
C1025,29,92348,98447,Home,391,Paid
C1026,50,135957,2293653,Vehicle,400,Paid
C1027,60,29015,2476405,Vehicle,667,Paid
C1028,58,131944,1415806,Business,640,Paid
C1029,49,25461,667462,Business,779,Paid
C1030,25,44211,1516096,Vehicle,600,Paid
C1031,22,114102,1465612,Business,377,Paid
C1032,48,42515,2784107,Personal,793,Default
C1033,56,147553,1315786,Personal,375,Default
C1034,22,95291,942939,Personal,737,Default
C1035,59,71301,1816865,Business,364,Paid
C1036,42,69158,1740455,Business,714,Paid
C1037,54,72290,2301650,Business,741,Paid
C1038,52,29797,2616382,Vehicle,558,Default
C1039,42,21017,2721752,Business,396,Paid
C1040,33,48197,2848639,Vehicle,886,Paid
C1041,31,142079,2921675,Home,807,Paid
C1042,41,22796,1912655,Personal,672,Paid
C1043,26,130747,1276395,Home,472,Paid
C1044,38,60828,449757,Business,367,Paid
C1045,47,146566,1807338,Business,772,Paid
C1046,35,119432,696005,Home,582,Default
C1047,56,59031,2221416,Home,503,Default
C1048,53,53532,2477946,Personal,612,Default
C1049,28,22380,2965510,Personal,689,Default
C1050,33,134425,2172146,Personal,488,Default
C1051,42,45312,1756561,Home,468,Paid
C1052,51,89782,257565,Personal,717,Paid
C1053,52,62577,1748230,Home,789,Paid
C1054,31,102328,1045426,Business,386,Default
C1055,39,81150,2625159,Personal,428,Paid
C1056,22,91761,1060179,Business,338,Default
C1057,25,137243,2128859,Business,623,Paid
C1058,45,59409,2605638,Personal,808,Paid
C1059,25,103876,2350812,Vehicle,613,Default
C1060,59,144398,2533974,Home,766,Paid
C1061,58,23548,2813155,Business,726,Paid
C1062,27,110302,264381,Business,794,Paid
C1063,30,106766,2075381,Personal,858,Paid
C1064,29,105298,1413981,Home,427,Paid
C1065,25,106319,2568209,Vehicle,697,Default
C1066,46,33873,1394932,Vehicle,835,Paid
C1067,52,31923,2871729,Home,710,Paid
C1068,23,91268,1932924,Business,724,Paid
C1069,60,147024,843616,Business,433,Paid
C1070,57,24011,1344283,Personal,614,Paid
C1071,23,41607,2259040,Business,563,Default
C1072,27,130160,2452514,Vehicle,304,Paid
C1073,29,29416,1197445,Vehicle,731,Paid
C1074,47,92581,83382,Business,900,Paid
C1075,50,30722,2546156,Vehicle,675,Paid
C1076,41,50282,2264360,Vehicle,732,Paid
C1077,50,36498,648898,Vehicle,680,Paid
C1078,41,101563,573933,Business,598,Default
C1079,51,124366,384997,Vehicle,609,Paid
C1080,44,105739,714720,Vehicle,451,Default
C1081,29,140807,2018399,Business,565,Paid
C1082,26,55542,1805111,Vehicle,775,Default
C1083,60,24161,333592,Personal,637,Default
C1084,52,60292,2259877,Home,744,Paid
C1085,49,89350,1086612,Vehicle,509,Default
C1086,22,121831,657942,Vehicle,417,Paid
C1087,37,109519,445694,Vehicle,640,Paid
C1088,33,142389,1979793,Business,703,Paid
C1089,26,106864,1286401,Vehicle,670,Paid
C1090,42,73178,204172,Personal,609,Paid
C1091,38,105174,1046374,Personal,411,Paid
C1092,40,84813,1783671,Personal,644,Paid
C1093,52,76891,2153225,Home,646,Paid
C1094,39,141097,2761526,Business,541,Default
C1095,52,129388,862560,Personal,616,Paid
C1096,40,114476,1947014,Home,329,Default
C1097,57,24070,942616,Vehicle,796,Paid
C1098,30,72485,847894,Business,897,Paid
C1099,52,123907,2770936,Business,774,Paid
C1100,24,109376,2054233,Home,507,Default
C1101,21,128296,658616,Vehicle,684,Paid
C1102,53,28914,422590,Business,711,Paid
C1103,55,35663,1638847,Vehicle,617,Paid
C1104,35,114627,560423,Business,503,Default
C1105,44,46316,2324124,Business,301,Default
C1106,43,140064,1428222,Business,545,Default
C1107,46,124093,1834104,Vehicle,348,Paid
C1108,41,118359,2644151,Vehicle,585,Default
C1109,30,139751,1931423,Business,541,Default
C1110,30,146061,2580328,Business,641,Paid
C1111,32,145727,846727,Vehicle,474,Default
C1112,36,122959,2001538,Home,766,Paid
C1113,32,131155,2455871,Personal,817,Paid
C1114,50,68353,1090296,Business,513,Default
C1115,45,39414,236999,Vehicle,646,Paid
C1116,31,67674,1830282,Vehicle,818,Paid
C1117,55,84047,1555087,Personal,883,Paid
C1118,57,52431,1051665,Vehicle,697,Paid
C1119,33,135204,1694232,Home,660,Paid
C1120,21,147226,312779,Home,640,Paid
C1121,59,134437,362662,Home,814,Paid
C1122,51,102980,1631068,Vehicle,894,Paid
C1123,39,95770,1365058,Vehicle,421,Paid
C1124,39,136546,2787204,Business,689,Paid
C1125,47,58519,1979260,Personal,825,Paid
C1126,49,104795,1351097,Vehicle,494,Default
C1127,54,136479,2196425,Business,546,Default
C1128,21,53494,2101443,Personal,378,Paid
C1129,47,108292,881070,Home,408,Default
C1130,26,130751,835172,Personal,852,Paid
C1131,27,106223,2710782,Business,725,Paid
C1132,22,111937,1300737,Vehicle,546,Default
C1133,41,55241,2238186,Business,830,Default
C1134,27,24796,364849,Business,774,Paid
C1135,48,102871,2740245,Home,592,Default
C1136,59,24478,2097947,Vehicle,599,Paid
C1137,51,147981,2856370,Business,319,Paid
C1138,58,21399,1840450,Vehicle,750,Paid
C1139,48,135574,1156838,Personal,303,Paid
C1140,46,93089,1092408,Vehicle,576,Paid
C1141,43,33050,2709256,Vehicle,856,Paid
C1142,36,91157,2086224,Business,622,Paid
C1143,22,70267,1745160,Business,391,Default
C1144,30,90199,1565313,Vehicle,754,Paid
C1145,59,89038,796843,Vehicle,873,Paid
C1146,48,104817,2213274,Home,632,Paid
C1147,56,142345,2520656,Home,355,Default
C1148,32,130169,1979556,Personal,338,Default
C1149,33,137153,2830180,Business,440,Paid
C1150,59,122791,2835932,Vehicle,806,Default
C1151,44,71122,2069908,Personal,451,Default
C1152,38,74580,940375,Personal,340,Paid
C1153,22,128087,1944050,Home,759,Paid
C1154,56,136531,2123005,Business,517,Paid
C1155,24,120679,977292,Business,851,Paid
C1156,39,60627,1237737,Business,664,Paid
C1157,28,129830,2271888,Home,626,Paid
C1158,34,75259,1420010,Vehicle,410,Paid
C1159,52,49887,2357011,Home,859,Paid
C1160,41,84723,2423286,Home,762,Default
C1161,40,81038,224156,Personal,343,Default
C1162,42,27252,2173637,Business,767,Paid
C1163,33,47962,2739017,Home,519,Paid
C1164,54,77567,2571762,Vehicle,782,Paid
C1165,42,116609,1989307,Home,519,Default
C1166,24,75289,1118787,Home,881,Paid
C1167,60,28750,929016,Home,674,Default
C1168,41,23666,2454451,Vehicle,611,Default
C1169,33,139060,2653603,Vehicle,703,Default
C1170,23,147866,120934,Vehicle,826,Paid
C1171,22,110782,2139319,Personal,647,Paid
C1172,43,44343,1296243,Business,601,Paid
C1173,34,149674,1555010,Business,508,Default
C1174,46,110837,2627995,Home,558,Default
C1175,58,32730,1019316,Home,515,Paid
C1176,33,134367,130038,Home,627,Paid
C1177,56,85730,1121317,Personal,695,Default
C1178,44,64693,1861026,Vehicle,468,Paid
C1179,55,113070,2653547,Home,403,Default
C1180,41,113534,2178223,Vehicle,476,Default
C1181,29,119189,360109,Business,513,Paid
C1182,48,26150,2168555,Business,367,Default
C1183,58,105476,138669,Personal,712,Paid
C1184,26,131038,1022028,Personal,341,Paid
C1185,26,90917,2314698,Business,889,Default
C1186,33,47309,2629918,Personal,697,Default
C1187,54,81192,2925546,Home,576,Paid
C1188,35,143304,1000118,Vehicle,696,Paid
C1189,27,70529,2355454,Vehicle,856,Paid
C1190,39,64171,1594083,Vehicle,340,Default
C1191,45,119298,2688502,Home,779,Paid
C1192,42,54501,933047,Business,553,Default
C1193,39,73465,2006058,Home,430,Default
C1194,53,104018,347333,Personal,389,Default
C1195,53,90239,1904445,Personal,517,Paid
C1196,31,94455,2557516,Home,383,Paid
C1197,38,49766,2452163,Personal,898,Default
C1198,42,109312,2385467,Personal,454,Paid
C1199,42,61672,1406532,Home,452,Default
C1200,47,53228,2494575,Home,540,Default
C1201,24,136459,630365,Home,511,Default
C1202,36,93606,1812322,Personal,650,Paid
C1203,58,126853,404476,Business,531,Default
C1204,51,121893,2075017,Personal,582,Default
C1205,43,144176,433749,Home,877,Paid
C1206,51,26704,291100,Vehicle,871,Paid
C1207,56,77632,2276672,Vehicle,594,Paid
C1208,37,89678,357403,Personal,839,Paid
C1209,41,130295,2502667,Personal,331,Default
C1210,51,99905,558200,Personal,384,Default
C1211,52,139921,130670,Home,864,Paid
C1212,49,54327,1796075,Vehicle,702,Paid
C1213,33,38055,2297252,Business,667,Paid
C1214,23,25437,687202,Vehicle,354,Paid
C1215,53,121076,2283778,Home,610,Paid
C1216,23,75586,1374430,Vehicle,412,Paid
C1217,49,121248,686724,Home,554,Default
C1218,32,125481,675335,Business,825,Paid
C1219,34,128163,1355096,Personal,630,Paid
C1220,50,45431,320555,Home,686,Paid
C1221,47,109826,2850307,Home,540,Default
C1222,60,142897,2404249,Business,364,Default
C1223,23,147365,1702723,Personal,516,Default
C1224,38,96131,2442283,Personal,678,Paid
C1225,45,65650,1904612,Personal,867,Paid
C1226,48,120795,1618502,Business,634,Paid
C1227,23,64449,2754456,Personal,446,Default
C1228,50,96211,2696489,Vehicle,740,Paid
C1229,36,65994,84029,Business,529,Default
C1230,29,49797,1299686,Home,693,Paid
C1231,29,143718,445138,Personal,545,Paid
C1232,33,28585,2145506,Business,834,Default
C1233,57,149005,788367,Home,793,Paid
C1234,53,77411,2613223,Personal,629,Paid
C1235,24,100079,1983386,Personal,313,Default
C1236,58,55320,2917459,Personal,390,Default
C1237,45,53718,2930317,Business,837,Paid
C1238,30,144630,1710490,Vehicle,470,Default
C1239,39,86263,2852632,Business,391,Paid
C1240,36,136644,1869884,Vehicle,473,Paid
C1241,32,102684,1875243,Home,798,Paid
C1242,33,119296,121692,Business,876,Default
C1243,47,118110,2671964,Vehicle,623,Paid
C1244,46,89990,2955156,Home,600,Paid
C1245,30,27437,1174867,Business,481,Default
C1246,25,68661,2186512,Business,327,Default
C1247,33,42019,1304253,Business,697,Paid
C1248,38,125442,960123,Home,395,Default
C1249,51,42690,1485126,Personal,367,Paid
C1250,39,45824,2868503,Business,680,Paid
C1251,43,144382,1599135,Business,616,Default
C1252,26,120876,2256818,Home,703,Paid
C1253,42,123260,1342190,Business,653,Paid
C1254,23,28843,1751191,Personal,887,Paid
C1255,49,143537,2529429,Vehicle,474,Default
C1256,57,33316,2520032,Personal,817,Paid
C1257,53,89507,610869,Home,730,Default
C1258,30,70493,1694883,Personal,780,Default
C1259,53,140046,1275285,Vehicle,648,Paid
C1260,57,87071,1967319,Business,715,Paid
C1261,57,40844,1120331,Personal,789,Paid
C1262,23,104870,778083,Vehicle,587,Default
C1263,53,124668,2795820,Business,679,Paid
C1264,57,69279,791718,Personal,883,Paid
C1265,51,36759,528265,Personal,596,Paid
C1266,21,80435,1293258,Vehicle,620,Paid
C1267,48,65518,1675527,Business,801,Paid
C1268,21,56275,2828766,Home,802,Paid
C1269,56,119278,459646,Personal,756,Paid
C1270,45,137707,980557,Vehicle,644,Paid
C1271,31,126943,71711,Home,591,Default
C1272,53,50879,2263528,Vehicle,836,Paid
C1273,42,79436,793677,Personal,418,Paid
C1274,39,58771,1255162,Home,702,Paid
C1275,59,48775,863141,Business,415,Default
C1276,21,46991,2764570,Business,645,Paid
C1277,35,47348,717836,Home,620,Paid
C1278,39,29258,1270057,Business,527,Paid
C1279,39,49538,332592,Business,565,Default
C1280,26,49584,2698950,Home,480,Paid
C1281,29,133982,2519036,Vehicle,352,Default
C1282,23,144936,2638916,Home,392,Default
C1283,36,79778,2202125,Home,680,Paid
C1284,46,83589,698772,Business,361,Paid
C1285,59,143020,1383898,Home,628,Paid
C1286,42,35692,2043722,Personal,724,Paid
C1287,34,118435,2352140,Personal,370,Default
C1288,39,123961,2798719,Home,314,Paid
C1289,53,22707,564389,Business,561,Default
C1290,53,120612,123875,Home,565,Default
C1291,46,24412,2053218,Personal,501,Paid
C1292,25,73595,925915,Vehicle,495,Paid
C1293,24,134367,106850,Vehicle,775,Paid
C1294,45,142993,2151518,Home,629,Paid
C1295,38,47418,50124,Vehicle,518,Default
C1296,22,54850,2728871,Business,780,Paid
C1297,59,38062,1032153,Personal,321,Paid
C1298,32,34248,2513354,Personal,523,Default
C1299,42,42854,2059399,Vehicle,392,Default
C1300,36,140845,854086,Business,651,Paid
C1301,41,71208,264543,Business,708,Default
C1302,23,139423,106571,Business,409,Default
C1303,58,127918,2432002,Business,723,Paid
C1304,34,29602,913359,Business,670,Paid
C1305,46,123472,1905819,Personal,865,Paid
C1306,52,59703,289308,Home,515,Default
C1307,30,82015,374449,Business,639,Paid
C1308,40,74630,2967959,Vehicle,637,Default
C1309,45,59605,687901,Business,400,Default
C1310,30,35656,396737,Personal,450,Paid
C1311,53,143914,346759,Business,576,Paid
C1312,25,90879,1044910,Personal,662,Paid
C1313,53,76344,557067,Home,324,Default
C1314,36,80216,2330450,Business,699,Paid
C1315,59,141687,291256,Business,488,Default
C1316,48,116877,336877,Business,473,Paid
C1317,25,54148,2928934,Business,350,Default
C1318,60,96081,2563103,Home,399,Default
C1319,32,129498,430622,Home,864,Paid
C1320,21,123907,1309838,Personal,737,Paid
C1321,49,74755,2418575,Vehicle,498,Default
C1322,46,117241,2068943,Vehicle,384,Default
C1323,34,93137,1658212,Vehicle,653,Paid
C1324,39,139549,565102,Vehicle,778,Paid
C1325,55,45745,210436,Business,652,Default
C1326,48,41371,1386564,Home,878,Paid
C1327,58,52928,2802055,Personal,514,Paid
C1328,27,136300,1829385,Business,606,Paid
C1329,43,78081,113694,Vehicle,450,Default
C1330,43,28552,1503100,Personal,612,Paid
C1331,30,84886,219772,Personal,745,Paid
C1332,56,117990,1069713,Personal,401,Default
C1333,21,35836,1041050,Business,302,Default
C1334,33,142487,1557756,Business,506,Default
C1335,56,82346,267522,Home,487,Default
C1336,43,29307,613751,Vehicle,466,Default
C1337,21,59488,1861560,Personal,742,Paid
C1338,30,138417,2595320,Business,856,Paid
C1339,57,132772,706084,Business,687,Paid
C1340,21,107014,2667948,Vehicle,545,Paid
C1341,41,39935,247502,Home,324,Default
C1342,50,73103,2546064,Vehicle,757,Paid
C1343,42,118642,506079,Personal,555,Paid
C1344,53,49839,1445829,Home,664,Paid
C1345,46,47681,1618604,Home,558,Default
C1346,29,98591,565931,Business,400,Paid
C1347,41,82584,2007492,Home,815,Paid
C1348,49,128771,2975036,Personal,827,Default
C1349,57,139279,2053863,Home,322,Paid
C1350,28,50708,2289538,Home,730,Paid
C1351,24,104311,1681827,Business,769,Paid
C1352,21,63690,901915,Personal,546,Paid
C1353,24,89159,2397190,Vehicle,656,Paid
C1354,56,86550,1755986,Business,454,Default
C1355,36,67926,395343,Personal,612,Paid
C1356,55,143786,875987,Business,642,Paid
C1357,39,97244,606538,Business,790,Paid
C1358,28,82071,1751392,Home,664,Paid
C1359,23,33414,571262,Home,621,Paid
C1360,25,93818,2030359,Vehicle,787,Paid
C1361,33,35961,931567,Business,870,Default
C1362,50,20583,2597467,Home,622,Paid
C1363,28,27570,1607081,Business,748,Default
C1364,24,57461,1732827,Vehicle,340,Default
C1365,41,31026,2398165,Home,626,Paid
C1366,28,81240,876804,Vehicle,651,Paid
C1367,40,87841,546773,Personal,576,Default
C1368,57,81047,2726439,Vehicle,752,Paid
C1369,21,96634,833710,Vehicle,649,Paid
C1370,28,93557,118370,Personal,799,Paid
C1371,41,68746,1604580,Home,774,Paid
C1372,25,23391,338826,Home,331,Default
C1373,56,95627,791896,Home,716,Paid
C1374,47,26496,2749363,Vehicle,439,Default
C1375,41,101257,2893527,Business,672,Default
C1376,60,132895,2306688,Personal,541,Paid
C1377,39,116235,430865,Vehicle,413,Default
C1378,56,77288,137295,Home,327,Paid
C1379,39,131219,757873,Vehicle,363,Default
C1380,44,137967,1964741,Business,495,Default
C1381,33,83738,573777,Business,581,Default
C1382,30,93020,2801778,Vehicle,792,Paid
C1383,34,58117,1110052,Home,430,Paid
C1384,36,33533,2357021,Home,714,Paid
C1385,34,66982,2308355,Personal,502,Default
C1386,45,87441,2061229,Business,384,Default
C1387,49,65045,836468,Home,645,Paid
C1388,28,67506,2875747,Business,493,Default
C1389,22,81599,2356592,Business,420,Default
C1390,58,135494,2862700,Business,306,Default
C1391,57,34222,2200130,Personal,366,Default
C1392,55,112908,2511801,Business,669,Default
C1393,21,82315,1107445,Personal,786,Default
C1394,37,60786,2526035,Business,804,Paid
C1395,21,51080,2532096,Personal,870,Paid
C1396,47,76991,1331162,Vehicle,803,Default
C1397,31,112914,1935540,Personal,884,Paid
C1398,58,114209,1608691,Home,772,Paid
C1399,41,111335,1265058,Home,595,Paid
C1400,26,112213,1643245,Personal,892,Paid
C1401,41,129641,2910020,Business,317,Paid
C1402,40,135032,1711432,Vehicle,776,Default
C1403,54,90937,2998930,Personal,442,Default
C1404,31,30755,1981482,Home,430,Default
C1405,27,29529,568718,Home,727,Default
C1406,30,86342,1528722,Business,491,Default
C1407,50,139433,1045441,Business,677,Paid
C1408,58,31828,1515145,Business,883,Paid
C1409,33,38124,2754954,Home,465,Paid
C1410,22,145248,2874327,Home,755,Paid
C1411,29,29952,1328157,Business,505,Paid
C1412,55,42269,2734783,Business,318,Default
C1413,22,118279,401348,Vehicle,337,Default
C1414,42,142507,1674722,Business,362,Default
C1415,46,59976,1202660,Personal,528,Default
C1416,22,133797,2922882,Home,824,Paid
C1417,35,116941,323568,Business,812,Paid
C1418,47,52149,951673,Vehicle,455,Default
C1419,56,93277,1788207,Vehicle,782,Paid
C1420,37,54406,2188388,Vehicle,693,Paid
C1421,47,41678,2357059,Personal,400,Paid
C1422,38,21392,2447515,Vehicle,860,Paid
C1423,25,71117,796584,Home,576,Paid
C1424,25,108754,2357048,Vehicle,344,Default
C1425,24,100825,1304347,Personal,361,Default
C1426,27,127213,2187395,Vehicle,642,Paid
C1427,28,69042,2373700,Home,823,Paid
C1428,21,29559,2683942,Personal,740,Paid
C1429,36,108612,2002385,Vehicle,404,Default
C1430,31,97608,307586,Vehicle,448,Paid
C1431,47,119450,1934613,Vehicle,494,Default
C1432,30,125273,2291042,Vehicle,345,Default
C1433,52,85756,1669376,Vehicle,816,Paid
C1434,53,36937,539304,Vehicle,755,Paid
C1435,60,148714,192094,Business,508,Default
C1436,48,43765,1497068,Personal,375,Default
C1437,39,93324,2915837,Home,433,Default
C1438,43,131818,2405603,Home,788,Paid
C1439,50,57385,1349963,Personal,339,Default
C1440,57,55877,486070,Personal,870,Paid
C1441,56,149438,2213274,Personal,762,Paid
C1442,25,25274,1712487,Home,507,Default
C1443,44,119679,553836,Business,846,Default
C1444,49,128068,1429500,Home,470,Default
C1445,51,45875,1913112,Personal,468,Paid
C1446,25,65579,2555256,Business,701,Paid
C1447,35,128926,399668,Home,432,Default
C1448,60,130094,2717770,Business,391,Default
C1449,53,137632,2987823,Business,391,Default
C1450,23,94351,2719633,Vehicle,664,Paid
C1451,37,74929,1627165,Personal,797,Paid
C1452,34,87991,1354363,Vehicle,570,Default
C1453,22,148702,1742446,Business,558,Default
C1454,40,110838,2182355,Business,714,Paid
C1455,25,56190,1060839,Home,432,Paid
C1456,43,144308,2281173,Home,826,Paid
C1457,55,140376,2589074,Vehicle,396,Default
C1458,27,111447,940253,Personal,534,Default
C1459,31,75155,2654515,Vehicle,756,Paid
C1460,45,112763,2265716,Personal,728,Paid
C1461,45,97427,2963490,Personal,640,Paid
C1462,57,109908,2202960,Vehicle,589,Paid
C1463,49,129167,2419994,Personal,609,Paid
C1464,49,52180,2841363,Home,619,Paid
C1465,29,23762,1948581,Vehicle,328,Default
C1466,38,98674,2754066,Home,361,Default
C1467,30,51652,1525521,Business,448,Default
C1468,53,96169,528394,Business,602,Default
C1469,22,55424,1431135,Vehicle,783,Paid
C1470,41,24086,1322764,Business,805,Default
C1471,41,79110,1677760,Personal,527,Default
C1472,54,100723,999878,Personal,673,Paid
C1473,51,147203,103788,Personal,880,Paid
C1474,43,37858,891053,Personal,669,Paid
C1475,54,36234,2415355,Home,378,Default
C1476,47,101002,1099161,Personal,458,Default
C1477,35,129147,1414770,Business,416,Paid
C1478,58,25930,2017227,Personal,831,Paid
C1479,57,93387,779124,Vehicle,813,Default
C1480,50,53233,816880,Personal,700,Paid
C1481,23,76579,1506717,Home,893,Paid
C1482,40,131242,1248597,Vehicle,844,Paid
C1483,51,91024,329052,Personal,407,Default
C1484,35,22622,2188546,Personal,336,Paid
C1485,51,74668,949479,Home,500,Paid
C1486,42,38972,1744116,Vehicle,873,Paid
C1487,22,91581,670949,Personal,417,Paid
C1488,57,131410,650220,Home,826,Paid
C1489,25,132675,1206926,Personal,825,Paid
C1490,21,92023,1513636,Vehicle,575,Default
C1491,45,100668,620088,Home,760,Default
C1492,52,25292,179672,Vehicle,639,Paid
C1493,51,116542,1129117,Vehicle,824,Default
C1494,31,64772,627581,Home,368,Default
C1495,48,39648,2194899,Vehicle,865,Paid
C1496,33,135919,928620,Business,313,Paid
C1497,33,125524,2238288,Personal,815,Paid
C1498,43,43533,699292,Home,732,Paid
C1499,25,135170,864929,Business,419,Default
C1500,21,52434,2890369,Business,416,Default
C1501,53,38661,1881075,Home,363,Paid
C1502,60,59009,2152246,Home,856,Paid
C1503,28,137593,2869682,Home,899,Paid
C1504,56,53269,129905,Business,793,Paid
C1505,26,131165,508342,Business,752,Default
C1506,37,108905,250950,Business,525,Default
C1507,22,89721,2254162,Business,357,Default
C1508,47,96209,271224,Business,643,Default
C1509,41,130380,2072736,Vehicle,872,Paid
C1510,23,103002,149252,Personal,685,Default
C1511,46,107209,2775325,Vehicle,752,Paid
C1512,36,70297,234058,Home,552,Default
C1513,45,130899,2374693,Home,574,Default
C1514,47,119613,2027256,Home,477,Paid
C1515,37,132239,1773028,Vehicle,446,Paid
C1516,26,147030,1663359,Personal,342,Default
C1517,60,33144,2696496,Business,792,Paid
C1518,58,145756,770649,Personal,577,Paid
C1519,45,99890,2870515,Home,555,Paid
C1520,21,32629,1907780,Vehicle,624,Paid
C1521,26,126459,2446069,Vehicle,574,Default
C1522,40,144438,577080,Business,428,Default
C1523,22,74183,1801356,Home,747,Paid
C1524,51,106087,2996119,Business,537,Default
C1525,57,104140,1989048,Home,623,Paid
C1526,49,83963,2139784,Home,405,Paid
C1527,48,45847,1689872,Vehicle,642,Paid
C1528,33,141232,559982,Vehicle,635,Paid
C1529,49,58455,1402830,Vehicle,538,Paid
C1530,26,63205,1211006,Personal,716,Paid
C1531,22,141168,2341782,Home,747,Paid
C1532,29,99065,884018,Personal,388,Default
C1533,60,91245,2432111,Vehicle,487,Default
C1534,40,29922,2993241,Home,545,Paid
C1535,58,110384,1938315,Personal,708,Paid
C1536,24,55843,1815637,Business,755,Paid
C1537,56,44593,2454800,Business,320,Default
C1538,48,37148,544144,Home,366,Default
C1539,29,100976,2047863,Vehicle,420,Paid
C1540,52,145782,1747871,Vehicle,301,Default
C1541,24,49899,2842907,Vehicle,626,Paid
C1542,22,133674,1174352,Business,824,Paid
C1543,54,83933,546282,Home,660,Paid
C1544,38,140563,2100880,Personal,898,Default
C1545,33,115746,1794076,Home,819,Paid
C1546,53,37187,470641,Home,511,Paid
C1547,23,25101,274490,Vehicle,495,Default
C1548,56,113257,1466559,Vehicle,332,Default
C1549,39,145669,2360815,Vehicle,747,Paid
C1550,60,127957,209053,Business,608,Default
C1551,28,114481,217474,Vehicle,894,Paid
C1552,24,75155,127611,Vehicle,660,Paid
C1553,24,126723,524588,Personal,440,Default
C1554,31,26847,1040511,Home,676,Paid
C1555,50,141657,1456886,Home,557,Default
C1556,56,137344,2077053,Home,422,Default
C1557,51,128829,2266967,Personal,595,Paid
C1558,44,41149,2042260,Home,681,Paid
C1559,31,105858,425689,Home,899,Paid
C1560,46,133718,2246323,Vehicle,792,Paid
C1561,53,44661,2177710,Personal,340,Default
C1562,49,135595,1658889,Vehicle,599,Default
C1563,45,89122,2360702,Home,702,Paid
C1564,59,132048,1639767,Personal,649,Default
C1565,27,32097,1835315,Home,382,Paid
C1566,27,71545,1087842,Home,631,Default
C1567,43,32826,1610535,Home,530,Default
C1568,49,75643,1288067,Business,544,Default
C1569,24,107666,2694773,Personal,694,Paid
C1570,35,149549,1840963,Home,307,Default
C1571,34,20263,2219356,Personal,730,Paid
C1572,55,42522,2412967,Home,836,Paid
C1573,36,73945,124295,Business,475,Default
C1574,24,68710,360126,Personal,397,Default
C1575,24,53671,1378954,Business,350,Default
C1576,25,27175,1862315,Business,796,Paid
C1577,52,60134,1279052,Personal,784,Paid
C1578,56,20706,530233,Vehicle,527,Paid
C1579,25,66471,682009,Vehicle,629,Paid
C1580,37,23926,723662,Business,479,Default
C1581,38,118311,944398,Personal,672,Paid
C1582,54,114640,189045,Vehicle,318,Default
C1583,47,125440,583895,Personal,500,Default
C1584,42,136988,1384553,Home,526,Default
C1585,21,112280,1182938,Business,699,Paid
C1586,35,64248,1625055,Vehicle,354,Default
C1587,33,111005,87489,Home,425,Default
C1588,55,46936,92441,Vehicle,356,Default
C1589,29,148278,210079,Vehicle,874,Paid
C1590,33,44379,1098599,Vehicle,665,Paid
C1591,34,114307,2536122,Business,559,Default
C1592,40,123834,927368,Vehicle,777,Paid
C1593,27,112338,2494968,Business,807,Paid
C1594,31,114120,210812,Personal,885,Paid
C1595,41,66083,2624032,Personal,389,Default
C1596,39,33409,1396558,Business,770,Paid
C1597,33,46310,1711108,Home,730,Paid
C1598,55,142462,1521214,Home,549,Paid
C1599,52,148793,2577266,Personal,780,Paid
C1600,50,95819,698683,Home,881,Paid
C1601,33,58035,2207492,Personal,900,Paid
C1602,38,115351,2216305,Business,813,Paid
C1603,21,87517,2161936,Vehicle,381,Default
C1604,43,145614,2414572,Home,418,Default
C1605,29,21599,2310684,Personal,850,Default
C1606,50,90823,1456353,Vehicle,693,Paid
C1607,34,131801,580928,Vehicle,507,Paid
C1608,54,27607,1486930,Home,468,Paid
C1609,47,125128,1529227,Business,803,Default
C1610,37,91581,75255,Personal,563,Paid
C1611,43,117393,1513450,Home,471,Default
C1612,51,52325,687061,Personal,696,Paid
C1613,48,61015,1703324,Business,701,Paid
C1614,26,60008,531951,Home,530,Paid
C1615,47,120399,2682730,Business,671,Paid
C1616,50,57400,2839606,Home,458,Default
C1617,38,124038,2309140,Business,525,Default
C1618,34,40825,2276103,Business,613,Paid
C1619,39,144254,865592,Home,791,Paid
C1620,35,115652,2462220,Home,543,Paid
C1621,26,79952,1581646,Business,356,Default
C1622,34,59279,1788929,Business,407,Default
C1623,55,143126,1322780,Home,620,Default
C1624,45,116014,1902485,Home,572,Default
C1625,56,142518,2894459,Business,862,Paid
C1626,59,82381,2763441,Vehicle,718,Paid
C1627,31,136895,2878983,Home,513,Default
C1628,58,124948,1125000,Business,347,Paid
C1629,60,46107,730430,Vehicle,720,Default
C1630,55,61891,1287357,Vehicle,346,Paid
C1631,47,83695,2719235,Personal,883,Paid
C1632,59,46922,913027,Business,886,Paid
C1633,32,105295,1697520,Personal,338,Default
C1634,40,66228,2436363,Home,480,Default
C1635,43,49635,943586,Business,305,Default
C1636,39,79570,1474273,Personal,767,Paid
C1637,27,146424,2416173,Home,597,Default
C1638,24,122653,2118737,Home,451,Default
C1639,40,32668,1652737,Home,857,Default
C1640,42,121469,1991174,Personal,327,Default
C1641,55,33134,594334,Personal,807,Paid
C1642,38,120179,178423,Home,759,Default
C1643,49,106990,2351728,Vehicle,402,Paid
C1644,21,124778,624932,Vehicle,445,Paid
C1645,27,137275,653547,Business,746,Paid
C1646,37,43867,2769860,Personal,828,Paid
C1647,32,69459,173826,Business,405,Default
C1648,24,99243,933356,Personal,868,Paid
C1649,41,47203,364004,Business,878,Paid
C1650,27,112887,1700693,Business,768,Paid
C1651,57,29200,56004,Personal,896,Paid
C1652,48,50591,157203,Home,557,Default
C1653,57,117185,114151,Vehicle,773,Paid
C1654,47,48115,1255273,Home,393,Paid
C1655,52,120138,928997,Vehicle,716,Paid
C1656,57,25945,925811,Home,745,Paid
C1657,41,25560,1446549,Vehicle,804,Default
C1658,53,92655,2074747,Home,884,Paid
C1659,34,80129,2074292,Personal,513,Default
C1660,24,99791,2766062,Vehicle,363,Default
C1661,23,114463,865712,Vehicle,682,Paid
C1662,56,54129,209416,Home,510,Paid
C1663,35,113589,2914812,Home,760,Paid
C1664,29,67299,603345,Vehicle,864,Paid
C1665,41,141288,83682,Personal,554,Paid
C1666,21,46839,2754125,Business,762,Paid
C1667,55,88534,94122,Home,452,Default
C1668,41,140367,2253116,Vehicle,448,Default
C1669,40,61393,1561204,Home,429,Paid
C1670,50,107787,2459485,Personal,475,Default
C1671,59,47725,1258995,Vehicle,456,Paid
C1672,33,142739,858531,Business,426,Default
C1673,21,142037,2429217,Vehicle,462,Default
C1674,35,133235,2550482,Business,644,Paid
C1675,37,112293,1321541,Vehicle,356,Default
C1676,34,139262,526010,Personal,412,Default
C1677,36,105177,1589325,Vehicle,693,Paid
C1678,59,56288,2170670,Business,373,Default
C1679,24,93928,504751,Vehicle,868,Paid
C1680,40,21192,1275778,Business,627,Paid
C1681,38,126242,782477,Business,807,Paid
C1682,38,54756,1910768,Business,456,Default
C1683,28,33081,732085,Business,526,Paid
C1684,53,148837,1718679,Business,832,Default
C1685,57,107107,90834,Personal,614,Paid
C1686,43,91127,1958291,Business,655,Paid
C1687,47,144355,2649707,Home,649,Paid
C1688,38,122347,1846967,Home,726,Paid
C1689,35,118395,991935,Vehicle,652,Paid
C1690,52,92291,994947,Personal,638,Paid
C1691,32,125100,536593,Vehicle,701,Paid
C1692,57,118981,1169125,Vehicle,720,Paid
C1693,22,39002,236807,Vehicle,718,Paid
C1694,54,57628,2708103,Personal,622,Paid
C1695,50,96180,756489,Personal,391,Default
C1696,47,140754,2438716,Business,874,Paid
C1697,48,129148,2475098,Vehicle,889,Paid
C1698,49,74304,67565,Vehicle,806,Default
C1699,54,24536,533266,Business,388,Default
C1700,27,102483,2803580,Business,363,Paid
C1701,27,91270,103966,Business,648,Paid
C1702,24,142278,1737878,Business,812,Paid
C1703,40,69690,2982910,Home,474,Default
C1704,42,80086,691582,Vehicle,731,Default
C1705,55,138486,1515331,Vehicle,561,Paid
C1706,48,53572,1381500,Vehicle,682,Paid
C1707,56,117547,2844325,Home,562,Default
C1708,35,31066,2430056,Personal,846,Paid
C1709,46,96878,1941096,Business,318,Default
C1710,29,81619,1848714,Home,477,Default
C1711,47,73869,968692,Personal,862,Default
C1712,52,89519,1071895,Business,716,Paid
C1713,25,112016,1532793,Personal,375,Default
C1714,25,41011,2705149,Personal,692,Paid
C1715,59,142732,2560732,Home,783,Paid
C1716,31,106379,2138698,Home,832,Paid
C1717,55,90018,2499064,Business,661,Paid
C1718,46,32212,201155,Vehicle,743,Paid
C1719,33,98955,665823,Vehicle,831,Paid
C1720,27,140846,817689,Personal,407,Default
C1721,45,44141,828202,Vehicle,579,Default
C1722,48,124025,179696,Vehicle,370,Default
C1723,42,129606,2222124,Business,660,Paid
C1724,24,148445,2275580,Personal,461,Paid
C1725,44,28858,2037917,Home,775,Paid
C1726,48,119296,1136294,Vehicle,566,Default
C1727,23,84829,2268921,Business,594,Default
C1728,47,132460,2548361,Vehicle,343,Paid
C1729,26,33273,1418463,Home,556,Default
C1730,21,50362,631330,Home,664,Default
C1731,46,115079,2454613,Business,667,Paid
C1732,40,142665,1634645,Business,693,Default
C1733,35,141233,1085514,Vehicle,497,Paid
C1734,32,128673,112091,Home,451,Paid
C1735,32,96025,372928,Personal,834,Paid
C1736,54,53652,1518149,Home,689,Default
C1737,46,133031,1835948,Home,382,Default
C1738,31,64689,1073876,Vehicle,618,Paid
C1739,39,63255,2461833,Business,690,Paid
C1740,58,121766,374223,Business,877,Default
C1741,42,90225,1636061,Personal,572,Paid
C1742,51,78488,2386206,Vehicle,315,Default
C1743,33,58812,2647276,Business,610,Paid
C1744,30,62622,1426274,Home,600,Default
C1745,36,36691,308484,Personal,811,Paid
C1746,47,90526,368372,Business,673,Paid
C1747,49,87236,1226335,Business,429,Default
C1748,52,59178,2570144,Home,447,Default
C1749,39,48530,1762048,Business,489,Paid
C1750,41,102870,2849943,Home,611,Paid
C1751,48,139595,141667,Personal,637,Paid
C1752,38,137205,647556,Vehicle,861,Paid
C1753,54,115728,1545713,Business,522,Default
C1754,49,29177,2990402,Home,433,Default
C1755,32,134983,2285602,Business,532,Default
C1756,29,149074,1097555,Home,823,Default
C1757,52,114543,913123,Business,552,Default
C1758,35,23176,819576,Vehicle,852,Paid
C1759,41,69488,1711871,Business,624,Paid
C1760,48,73194,2249547,Business,622,Paid
C1761,36,39979,777383,Home,318,Default
C1762,31,136867,1387233,Business,752,Paid
C1763,30,21542,2498053,Business,351,Default
C1764,25,37181,70225,Vehicle,358,Default
C1765,56,143073,1799337,Vehicle,832,Paid
C1766,27,77267,2116828,Personal,789,Paid
C1767,23,102142,171919,Personal,779,Paid
C1768,42,22302,152145,Personal,747,Paid
C1769,50,102940,932052,Personal,605,Paid
C1770,25,22003,1570548,Personal,429,Default
C1771,25,136970,715551,Home,653,Paid
C1772,21,61458,2785693,Personal,827,Paid
C1773,29,23775,877409,Home,687,Paid
C1774,34,122466,1257649,Vehicle,859,Paid
C1775,40,27311,2677021,Personal,795,Paid
C1776,54,144248,2891658,Personal,723,Paid
C1777,52,87461,2169673,Business,422,Default
C1778,27,122095,2387280,Personal,623,Paid
C1779,44,93318,2364974,Personal,798,Paid
C1780,29,58096,2931198,Vehicle,767,Paid
C1781,26,130602,1270558,Personal,813,Paid
C1782,22,135202,386814,Business,698,Paid
C1783,39,141024,1372990,Vehicle,760,Paid
C1784,26,38482,2390675,Vehicle,515,Default
C1785,23,75594,258156,Vehicle,422,Default
C1786,25,81438,1902274,Vehicle,719,Paid
C1787,48,108998,2387309,Vehicle,508,Paid
C1788,22,129958,1683437,Personal,638,Paid
C1789,34,83214,1468256,Personal,524,Paid
C1790,48,118214,1382529,Vehicle,530,Default
C1791,31,81535,1400970,Home,584,Paid
C1792,33,40212,2237133,Vehicle,587,Default
C1793,38,45397,196717,Home,758,Paid
C1794,48,38647,2993326,Home,662,Paid
C1795,54,131910,1386379,Personal,834,Paid
C1796,29,132995,2606061,Business,305,Default
C1797,32,53498,2409120,Vehicle,614,Default
C1798,22,26910,1417482,Personal,886,Paid
C1799,48,60479,1263771,Business,724,Paid
C1800,54,57760,2866252,Home,604,Default
C1801,38,67059,2150316,Personal,424,Default
C1802,25,51244,1179099,Home,877,Paid
C1803,39,55527,108451,Personal,738,Paid
C1804,58,105725,1169766,Home,394,Default
C1805,36,38533,95744,Vehicle,443,Default
C1806,45,34756,879354,Home,395,Default
C1807,51,61409,2985839,Home,773,Paid
C1808,21,43539,2420922,Business,562,Default
C1809,41,54499,555154,Personal,571,Paid
C1810,22,112604,1456136,Vehicle,486,Default
C1811,34,43740,190985,Personal,843,Paid
C1812,38,74927,95091,Home,582,Default
C1813,54,22062,1732430,Vehicle,727,Default
C1814,41,109485,1861948,Personal,751,Paid
C1815,29,92547,944841,Business,563,Default
C1816,40,147258,2144130,Business,421,Default
C1817,45,70173,1692039,Business,718,Paid
C1818,60,85172,1247246,Vehicle,684,Paid
C1819,39,74652,2810598,Personal,891,Paid
C1820,54,34476,2695357,Vehicle,745,Paid
C1821,34,45610,2520934,Personal,857,Paid
C1822,33,99561,707028,Vehicle,774,Paid
C1823,25,94632,1662598,Vehicle,356,Default
C1824,47,86896,2936808,Business,379,Default
C1825,41,94826,1854022,Business,824,Paid
C1826,40,121105,1401003,Personal,354,Paid
C1827,47,100204,2941255,Personal,679,Default
C1828,53,66962,2359707,Business,400,Default
C1829,54,143523,348623,Home,725,Default
C1830,21,29393,2141963,Business,675,Paid
C1831,53,32664,132747,Vehicle,877,Default
C1832,36,48531,2725956,Personal,730,Paid
C1833,43,54602,819589,Business,816,Paid
C1834,39,136119,394863,Home,790,Paid
C1835,24,113040,2857578,Personal,489,Paid
C1836,33,149588,1818914,Business,795,Paid
C1837,30,82218,1122867,Vehicle,407,Default
C1838,51,106262,1457239,Home,684,Paid
C1839,53,139843,556727,Business,772,Default
C1840,56,64773,431617,Business,703,Paid
C1841,23,77015,79728,Business,566,Default
C1842,43,53255,2398951,Personal,790,Paid
C1843,21,128065,446688,Personal,667,Paid
C1844,35,107047,1308140,Personal,426,Default
C1845,59,149878,507405,Personal,838,Paid
C1846,51,25721,2991239,Business,749,Paid
C1847,30,80727,2982794,Business,766,Paid
C1848,38,128863,784491,Business,849,Paid
C1849,37,146888,907947,Personal,428,Paid
C1850,29,28550,1792396,Home,718,Paid
C1851,21,24564,704932,Vehicle,709,Paid
C1852,58,48129,2604316,Business,664,Paid
C1853,31,32704,1021215,Vehicle,529,Default
C1854,45,79942,316423,Personal,598,Default
C1855,23,107107,2677423,Business,671,Paid
C1856,22,144838,400688,Home,849,Paid
C1857,53,137039,2166359,Personal,650,Paid
C1858,41,30434,2189737,Vehicle,788,Default
C1859,39,35613,1048419,Personal,856,Default
C1860,26,28864,76975,Business,653,Paid
C1861,34,80900,545308,Vehicle,698,Paid
C1862,54,132785,655904,Home,797,Paid
C1863,39,149378,594163,Home,744,Paid
C1864,27,101030,753609,Personal,357,Default
C1865,28,131877,2767826,Business,582,Default
C1866,42,138002,1989180,Vehicle,655,Paid
C1867,46,131281,846685,Business,607,Paid
C1868,45,136624,2394388,Vehicle,807,Paid
C1869,26,80348,1866743,Business,779,Paid
C1870,32,96060,651337,Personal,618,Paid
C1871,36,63938,1128579,Home,773,Default
C1872,36,100667,50382,Business,537,Default
C1873,32,39455,293307,Business,746,Paid
C1874,58,33856,2140839,Home,497,Default
C1875,36,101531,2185454,Business,553,Default
C1876,32,69122,2050443,Personal,660,Paid
C1877,21,56430,1905852,Personal,641,Paid
C1878,60,54218,818179,Vehicle,545,Paid
C1879,30,95387,2099234,Home,314,Default
C1880,21,123624,330883,Business,614,Default
C1881,35,39015,2307556,Business,539,Default
C1882,49,123566,373187,Vehicle,425,Default
C1883,59,109856,1180500,Home,694,Paid
C1884,38,44649,1714304,Vehicle,496,Default
C1885,51,102015,821469,Personal,730,Default
C1886,41,30049,309176,Vehicle,395,Default
C1887,29,66704,2270581,Vehicle,571,Default
C1888,29,144588,2782284,Personal,451,Default
C1889,34,86369,283956,Vehicle,339,Default
C1890,40,33072,399649,Business,586,Paid
C1891,22,109108,2480659,Business,352,Paid
C1892,60,111509,571161,Personal,443,Paid
C1893,21,80132,517521,Home,325,Default
C1894,47,116013,2946675,Vehicle,676,Paid
C1895,55,104785,2764572,Personal,840,Paid
C1896,36,93761,2008942,Personal,818,Paid
C1897,27,45922,1287090,Home,660,Paid
C1898,58,131780,114971,Home,889,Paid
C1899,46,39272,1617363,Business,712,Paid
C1900,45,82805,318955,Business,811,Default
C1901,39,72604,1010795,Business,371,Paid
C1902,22,45451,1144237,Business,451,Paid
C1903,29,140410,1164325,Personal,688,Paid
C1904,55,68708,283795,Business,434,Default
C1905,28,83815,86813,Personal,666,Paid
C1906,21,141612,2351802,Personal,326,Default
C1907,49,108206,2157438,Personal,581,Default
C1908,25,100569,156855,Personal,426,Default
C1909,33,103437,2651692,Vehicle,619,Paid
C1910,44,39246,2973817,Personal,359,Default
C1911,25,49129,1747441,Vehicle,377,Default
C1912,50,32576,2429351,Vehicle,761,Paid
C1913,25,125588,2047258,Home,766,Paid
C1914,38,27393,2728704,Personal,403,Default
C1915,29,66751,1539026,Business,467,Paid
C1916,23,131103,495136,Vehicle,519,Paid
C1917,46,26841,518047,Personal,580,Paid
C1918,42,22819,1090548,Business,439,Default
C1919,23,62646,312074,Business,794,Paid
C1920,30,34009,1683402,Personal,680,Paid
C1921,30,25666,201730,Personal,450,Paid
C1922,23,121829,2193348,Home,741,Paid
C1923,55,92847,2716294,Business,872,Paid
C1924,21,132498,1133797,Vehicle,381,Default
C1925,34,104221,749171,Vehicle,322,Default
C1926,41,100720,457271,Business,793,Paid
C1927,40,137061,2597354,Business,829,Default
C1928,47,143506,2102652,Personal,735,Paid
C1929,30,64587,1619148,Personal,668,Paid
C1930,47,102946,880028,Personal,529,Default
C1931,46,119327,660303,Home,821,Paid
C1932,42,23245,1738699,Personal,741,Paid
C1933,50,34469,2462368,Vehicle,339,Default
C1934,38,130271,792082,Home,360,Default
C1935,34,85271,1672478,Personal,589,Default
C1936,45,24822,857945,Business,667,Paid
C1937,43,52385,2363979,Personal,360,Paid
C1938,47,129511,1304592,Home,696,Paid
C1939,46,41917,270006,Vehicle,698,Paid
C1940,56,25615,2605093,Home,566,Default
C1941,32,32711,495157,Vehicle,758,Paid
C1942,52,117561,1282544,Personal,334,Default
C1943,24,97363,1070009,Personal,733,Paid
C1944,36,70811,733101,Vehicle,640,Paid
C1945,39,133866,1496997,Vehicle,647,Paid
C1946,37,96496,1400544,Personal,791,Paid
C1947,58,139728,2098130,Home,812,Paid
C1948,50,138089,1346959,Home,769,Paid
C1949,29,119627,1831822,Business,558,Default
C1950,27,111605,1860417,Vehicle,340,Default
C1951,36,112446,1164628,Business,380,Default
C1952,45,72507,2229653,Business,352,Paid
C1953,39,41632,619980,Business,663,Default
C1954,28,91806,201454,Personal,598,Default
C1955,27,126660,2151827,Vehicle,599,Default
C1956,41,99709,2155113,Business,739,Paid
C1957,58,34842,639938,Business,330,Default
C1958,44,115798,2879798,Personal,677,Paid
C1959,25,93359,2553963,Business,360,Default
C1960,51,80868,2583754,Home,455,Default
C1961,21,64515,2559417,Business,461,Paid
C1962,23,100926,1300926,Personal,335,Default
C1963,59,61738,863489,Vehicle,334,Default
C1964,60,103963,1932839,Business,684,Paid
C1965,50,89135,1618303,Personal,446,Paid
C1966,24,51977,2988314,Home,573,Default
C1967,47,130804,1079843,Personal,331,Default
C1968,49,121596,750648,Personal,708,Paid
C1969,24,25403,2184928,Business,733,Paid
C1970,44,51232,1449362,Personal,449,Paid
C1971,29,132706,1167176,Vehicle,734,Paid
C1972,59,101527,232177,Business,559,Default
C1973,54,35134,323733,Vehicle,361,Default
C1974,31,20318,603005,Business,545,Paid
C1975,30,74945,2286824,Personal,600,Paid
C1976,36,78098,2450610,Vehicle,519,Default
C1977,45,31136,447441,Business,342,Default
C1978,35,65563,1257225,Vehicle,526,Default
C1979,25,46071,1275195,Home,312,Default
C1980,27,118796,61690,Personal,474,Paid
C1981,51,112335,1786326,Personal,695,Paid
C1982,24,115020,1980455,Vehicle,536,Default
C1983,36,63599,277677,Business,483,Paid
C1984,27,70164,282936,Home,748,Paid
C1985,21,50378,596967,Business,731,Default
C1986,50,133012,2041510,Business,885,Paid
C1987,39,29705,2007504,Vehicle,336,Default
C1988,26,113839,1463937,Business,521,Default
C1989,31,47918,965957,Personal,593,Default
C1990,41,48663,1654973,Personal,448,Default
C1991,59,142066,472537,Business,632,Paid
C1992,27,102341,555301,Personal,613,Paid
C1993,49,27903,409946,Home,852,Paid
C1994,43,110728,1349413,Personal,621,Paid
C1995,38,86067,2781993,Personal,699,Paid
C1996,48,132393,2466875,Vehicle,487,Default
C1997,22,50615,1105096,Business,408,Default
C1998,42,84847,1244232,Personal,362,Default
C1999,21,34896,2852129,Business,390,Default
C2000,23,110255,191263,Vehicle,394,Default
